<?xml version="1.0" encoding="UTF-8"?>
<Banks>
    <virtual-bank id="v1">
        <name>Alfa</name>
        <country>Russia</country>
        <depositor>Bakhar</depositor>
        <amount-on-deposit>500</amount-on-deposit>
        <profitability>13</profitability>
        <time-constraints>2022</time-constraints>
        <website>https://www.bakhar.com</website>
    </virtual-bank>
    <virtual-bank id="v2">
        <name>Balfa</name>
        <country>China</country>
        <depositor>Ivanov</depositor>
        <amount-on-deposit>1.5</amount-on-deposit>
        <profitability>1</profitability>
        <time-constraints>2023</time-constraints>
        <website>https://www.china/bakhar.com</website>
    </virtual-bank>
    <virtual-bank id="v3">
        <name>Beer</name>
        <country>Belarus</country>
        <depositor>Petrov</depositor>
        <amount-on-deposit>26500.50</amount-on-deposit>
        <profitability>21</profitability>
        <time-constraints>2025</time-constraints>
        <website>https://www.beer/bakhar.com</website>
    </virtual-bank>
    <virtual-bank id="v4" type="urgent">
        <name>Famcs</name>
        <country>Belarus</country>
        <depositor>Sidorou</depositor>
        <amount-on-deposit>0.5</amount-on-deposit>
        <profitability>64</profitability>
        <time-constraints>2030</time-constraints>
        <website>https://www.edu.com</website>
    </virtual-bank>
    <traditional-bank id="t1" type="calculated">
        <name>Famcs</name>
        <country>Belarus</country>
        <depositor>Sidorov</depositor>
        <amount-on-deposit>0.5</amount-on-deposit>
        <profitability>64</profitability>
        <time-constraints>2030</time-constraints>
        <count-of-branch>5</count-of-branch>
    </traditional-bank>
    <traditional-bank id="t2" type="calculated">
        <name>Mmf</name>
        <country>Belarus</country>
        <depositor>Blinou</depositor>
        <amount-on-deposit>1000000.50</amount-on-deposit>
        <profitability>25</profitability>
        <time-constraints>2022</time-constraints>
        <count-of-branch>4</count-of-branch>
    </traditional-bank>
</Banks>
