<?xml version="1.0" encoding="UTF-8"?>
<Configuration status="INFO">
    <Appenders>
        <Console name="Console" target="SYSTEM_OUT">
            <PatternLayout pattern="%d{HH:mm:ss.SSS} [%t] %-5level %logger{5} - %msg%n"/>
        </Console>
        <File name="TxtFile" fileName="logs/logs.log" bufferedIO="true">
        </File>

    </Appenders>
    <Loggers>
        <Root level="info">
            <AppenderRef ref="Console"/>
            <AppenderRef ref="TxtFile"></AppenderRef>
        </Root>

    </Loggers>
</Configuration>